﻿pos_x,pos_y,rotation,side,designator,mpn,pack,value,mount_type,place
68.58,-56.134,180.0,top,C1,,C_0805_2012Metric_Pad1.18x1.45mm_HandSolder,0.1uF,smt,True
236.46325,-57.134,90.0,top,C10,,C_0805_2012Metric_Pad1.18x1.45mm_HandSolder,22nF,smt,True
269.5995,-56.134,180.0,top,C11,,C_0805_2012Metric_Pad1.18x1.45mm_HandSolder,0.1uF,smt,True
276.7115,-57.149999,90.0,top,C12,,C_0805_2012Metric_Pad1.18x1.45mm_HandSolder,22nF,smt,True
309.499,-56.098501,180.0,top,C13,,C_0805_2012Metric_Pad1.18x1.45mm_HandSolder,0.1uF,smt,True
316.611,-57.1145,90.0,top,C14,,C_0805_2012Metric_Pad1.18x1.45mm_HandSolder,22nF,smt,True
349.62025,-56.150001,180.0,top,C15,,C_0805_2012Metric_Pad1.18x1.45mm_HandSolder,0.1uF,smt,True
356.73225,-57.166,90.0,top,C16,,C_0805_2012Metric_Pad1.18x1.45mm_HandSolder,22nF,smt,True
211.836,-56.7475,90.0,top,C17,,C_0805_2012Metric_Pad1.18x1.45mm_HandSolder,0.1uF,smt,True
138.049,-56.642,0.0,top,C19,,C_0805_2012Metric_Pad1.18x1.45mm_HandSolder,0.33uF,smt,True
75.692,-57.15,90.0,top,C2,,C_0805_2012Metric_Pad1.18x1.45mm_HandSolder,22nF,smt,True
123.444,-56.642,180.0,top,C20,,C_0805_2012Metric_Pad1.18x1.45mm_HandSolder,0.1uF,smt,True
93.726,-65.659,180.0,top,C22,,C_0805_2012Metric_Pad1.18x1.45mm_HandSolder,0.1uF,smt,True
109.281,-56.134001,180.0,top,C3,,C_0805_2012Metric_Pad1.18x1.45mm_HandSolder,0.1uF,smt,True
116.393,-57.15,90.0,top,C4,,C_0805_2012Metric_Pad1.18x1.45mm_HandSolder,22nF,smt,True
149.225,-56.125,180.0,top,C5,,C_0805_2012Metric_Pad1.18x1.45mm_HandSolder,0.1uF,smt,True
156.337,-57.140999,90.0,top,C6,,C_0805_2012Metric_Pad1.18x1.45mm_HandSolder,22nF,smt,True
189.418,-56.134001,180.0,top,C7,,C_0805_2012Metric_Pad1.18x1.45mm_HandSolder,0.1uF,smt,True
196.53,-57.15,90.0,top,C8,,C_0805_2012Metric_Pad1.18x1.45mm_HandSolder,22nF,smt,True
229.35125,-56.118001,180.0,top,C9,,C_0805_2012Metric_Pad1.18x1.45mm_HandSolder,0.1uF,smt,True
63.63775,-53.213,90.0,top,D1,,LED_0805_2012Metric_Pad1.15x1.40mm_HandSolder,Touch_Indicator,smt,True
104.33875,-53.213001,90.0,top,D2,,LED_0805_2012Metric_Pad1.15x1.40mm_HandSolder,Touch_Indicator,smt,True
144.28275,-53.204,90.0,top,D3,,LED_0805_2012Metric_Pad1.15x1.40mm_HandSolder,Touch_Indicator,smt,True
184.47575,-53.213001,90.0,top,D4,,LED_0805_2012Metric_Pad1.15x1.40mm_HandSolder,Touch_Indicator,smt,True
224.409,-53.197001,90.0,top,D5,,LED_0805_2012Metric_Pad1.15x1.40mm_HandSolder,Touch_Indicator,smt,True
264.65725,-53.213,90.0,top,D6,,LED_0805_2012Metric_Pad1.15x1.40mm_HandSolder,Touch_Indicator,smt,True
304.55675,-53.177501,90.0,top,D7,,LED_0805_2012Metric_Pad1.15x1.40mm_HandSolder,Touch_Indicator,smt,True
344.678,-53.229001,90.0,top,D8,,LED_0805_2012Metric_Pad1.15x1.40mm_HandSolder,Touch_Indicator,smt,True
77.12,-67.294,180.0,top,J1,,Molex_Micro-Fit_3.0_1x05_Horizontal_Vertical_Combo,Molex Micro-Fit,tht,True
313.000568,-53.086,0.0,top,J10,,Pin_D1.0mm_L10.0mm,Electrode,tht,False
353.06,-53.103,0.0,top,J11,,Pin_D1.0mm_L10.0mm,Electrode,tht,False
88.187,-52.959,0.0,top,J12,,PinHeader_1x01_P2.54mm_Vertical,Conn_01x01,tht,True
247.318,-53.213,0.0,top,J13,,PinHeader_1x01_P2.54mm_Vertical,Conn_01x01,tht,False
92.837,-52.959,0.0,top,J14,,PinHeader_1x01_P2.54mm_Vertical,Conn_01x01,tht,False
251.968,-53.213,0.0,top,J15,,PinHeader_1x01_P2.54mm_Vertical,Conn_01x01,tht,False
169.594,-53.086,0.0,top,J16,,PinHeader_1x01_P2.54mm_Vertical,Conn_01x01,tht,False
327.709,-53.467,0.0,top,J17,,PinHeader_1x01_P2.54mm_Vertical,Conn_01x01,tht,False
174.244,-53.086,0.0,top,J18,,PinHeader_1x01_P2.54mm_Vertical,Conn_01x01,tht,False
332.359,-53.467,0.0,top,J19,,PinHeader_1x01_P2.54mm_Vertical,Conn_01x01,tht,False
342.488,-67.294,0.0,bottom,J2,,Molex_Micro-Fit_3.0_1x05_Horizontal_Vertical_Combo,Molex Micro-Fit,tht,True
72.644,-52.578,0.0,top,J4,,Pin_D1.0mm_L10.0mm,Electrode,tht,False
112.703428,-53.103,0.0,top,J5,,Pin_D1.0mm_L10.0mm,Electrode,tht,False
152.762856,-53.220999,0.0,top,J6,,Pin_D1.0mm_L10.0mm,Electrode,tht,False
192.822284,-53.103,0.0,top,J7,,Pin_D1.0mm_L10.0mm,Electrode,tht,False
232.881712,-53.103,0.0,top,J8,,Pin_D1.0mm_L10.0mm,Electrode,tht,False
272.94114,-53.103,0.0,top,J9,,Pin_D1.0mm_L10.0mm,Electrode,tht,False
67.706,-52.578,180.0,top,JP1,,SolderJumper-2_P1.3mm_Bridged_Pad1.0x1.5mm,SolderJumper_2_Bridged,tht,True
130.81,-53.086,180.0,top,JP11,,SolderJumper-2_P1.3mm_Open_Pad1.0x1.5mm,SolderJumper_2_Open,tht,True
84.963,-66.802,-90.0,top,JP14,,SolderJumper-3_P1.3mm_Open_RoundedPad1.0x1.5mm_NumberLabels,SolderJumper_3_Bridged12,tht,True
89.759,-73.787,180.0,top,JP15,,SolderJumper-3_P1.3mm_Open_RoundedPad1.0x1.5mm_NumberLabels,SolderJumper_3_Bridged12,tht,True
101.6,-73.629,-90.0,top,JP16,,SolderJumper-2_P1.3mm_Open_RoundedPad1.0x1.5mm,SolderJumper_2_Open,tht,True
93.599,-73.787,-90.0,top,JP17,,SolderJumper-2_P1.3mm_Open_RoundedPad1.0x1.5mm,SolderJumper_2_Open,tht,True
108.407,-52.578,180.0,top,JP2,,SolderJumper-2_P1.3mm_Bridged_Pad1.0x1.5mm,SolderJumper_2_Bridged,tht,True
148.351,-52.568999,180.0,top,JP3,,SolderJumper-2_P1.3mm_Bridged_Pad1.0x1.5mm,SolderJumper_2_Bridged,tht,True
188.544,-52.578,180.0,top,JP4,,SolderJumper-2_P1.3mm_Bridged_Pad1.0x1.5mm,SolderJumper_2_Bridged,tht,True
228.47725,-52.562,180.0,top,JP5,,SolderJumper-2_P1.3mm_Bridged_Pad1.0x1.5mm,SolderJumper_2_Bridged,tht,True
268.7255,-52.577999,180.0,top,JP6,,SolderJumper-2_P1.3mm_Bridged_Pad1.0x1.5mm,SolderJumper_2_Bridged,tht,True
308.625,-52.5425,180.0,top,JP7,,SolderJumper-2_P1.3mm_Bridged_Pad1.0x1.5mm,SolderJumper_2_Bridged,tht,True
348.74625,-52.594,180.0,top,JP8,,SolderJumper-2_P1.3mm_Bridged_Pad1.0x1.5mm,SolderJumper_2_Bridged,tht,True
63.63775,-57.404,90.0,top,R1,,R_0805_2012Metric_Pad1.20x1.40mm_HandSolder,1K,smt,True
236.463249,-53.086,-90.0,top,R10,,R_0805_2012Metric_Pad1.20x1.40mm_HandSolder,10K,smt,True
264.65725,-57.403999,90.0,top,R11,,R_0805_2012Metric_Pad1.20x1.40mm_HandSolder,1K,smt,True
276.711499,-53.101999,-90.0,top,R12,,R_0805_2012Metric_Pad1.20x1.40mm_HandSolder,10K,smt,True
304.55675,-57.3685,90.0,top,R13,,R_0805_2012Metric_Pad1.20x1.40mm_HandSolder,1K,smt,True
316.610999,-53.0665,-90.0,top,R14,,R_0805_2012Metric_Pad1.20x1.40mm_HandSolder,10K,smt,True
344.678,-57.42,90.0,top,R15,,R_0805_2012Metric_Pad1.20x1.40mm_HandSolder,1K,smt,True
356.732249,-53.118,-90.0,top,R16,,R_0805_2012Metric_Pad1.20x1.40mm_HandSolder,10K,smt,True
103.886,-73.644,90.0,top,R17,,R_0805_2012Metric_Pad1.20x1.40mm_HandSolder,100,smt,True
95.885,-73.803,90.0,top,R18,,R_0805_2012Metric_Pad1.20x1.40mm_HandSolder,100,smt,True
75.692,-53.102,-90.0,top,R2,,R_0805_2012Metric_Pad1.20x1.40mm_HandSolder,10K,smt,True
104.33875,-57.404,90.0,top,R3,,R_0805_2012Metric_Pad1.20x1.40mm_HandSolder,1K,smt,True
116.392999,-53.102,-90.0,top,R4,,R_0805_2012Metric_Pad1.20x1.40mm_HandSolder,10K,smt,True
144.28275,-57.394999,90.0,top,R5,,R_0805_2012Metric_Pad1.20x1.40mm_HandSolder,1K,smt,True
156.336999,-53.092999,-90.0,top,R6,,R_0805_2012Metric_Pad1.20x1.40mm_HandSolder,10K,smt,True
184.47575,-57.404,90.0,top,R7,,R_0805_2012Metric_Pad1.20x1.40mm_HandSolder,1K,smt,True
196.529999,-53.102,-90.0,top,R8,,R_0805_2012Metric_Pad1.20x1.40mm_HandSolder,10K,smt,True
224.409,-57.388,90.0,top,R9,,R_0805_2012Metric_Pad1.20x1.40mm_HandSolder,1K,smt,True
72.644,-57.304,90.0,top,U1,,AT42QT1010-TSGR_1,AT42QT1010,smt,True
353.68425,-57.32,90.0,top,U10,,AT42QT1010-TSGR_1,AT42QT1010,smt,True
133.35,-56.683,180.0,top,U11,,TO-220-3_Horizontal_TabDown,L7805,tht,True
89.615,-69.276,0.0,top,U13,,SOT-23-6_Handsoldering,SN74LVC2G17,smt,True
113.345,-57.304,90.0,top,U2,,AT42QT1010-TSGR_1,AT42QT1010,smt,True
153.289,-57.294999,90.0,top,U3,,AT42QT1010-TSGR_1,AT42QT1010,smt,True
193.482,-57.304,90.0,top,U4,,AT42QT1010-TSGR_1,AT42QT1010,smt,True
233.41525,-57.288,90.0,top,U5,,AT42QT1010-TSGR_1,AT42QT1010,smt,True
273.6635,-57.303999,90.0,top,U6,,AT42QT1010-TSGR_1,AT42QT1010,smt,True
313.563,-57.2685,90.0,top,U7,,AT42QT1010-TSGR_1,AT42QT1010,smt,True
209.296,-65.024,0.0,top,U8,,SOIC-16_3.9x9.9mm_P1.27mm,SN74HC165DR,smt,True
