﻿designator,quantity,value,pack,mpn,mount_type
"C1, C11, C13, C15, C17, C20, C22, C3, C5, C7, C9",11,0.1uF,C_0805_2012Metric_Pad1.18x1.45mm_HandSolder,,smt
"C10, C12, C14, C16, C2, C4, C6, C8",8,22nF,C_0805_2012Metric_Pad1.18x1.45mm_HandSolder,,smt
C19,1,0.33uF,C_0805_2012Metric_Pad1.18x1.45mm_HandSolder,,smt
"D1, D2, D3, D4, D5, D6, D7, D8",8,Touch_Indicator,LED_0805_2012Metric_Pad1.15x1.40mm_HandSolder,,smt
"J1, J2",2,Molex Micro-Fit,Molex_Micro-Fit_3.0_1x05_Horizontal_Vertical_Combo,,tht
"J10, J11, J4, J5, J6, J7, J8, J9",8,Electrode,Pin_D1.0mm_L10.0mm,,tht
"J12, J13, J14, J15, J16, J17, J18, J19",8,Conn_01x01,PinHeader_1x01_P2.54mm_Vertical,,tht
"JP1, JP2, JP3, JP4, JP5, JP6, JP7, JP8",8,SolderJumper_2_Bridged,SolderJumper-2_P1.3mm_Bridged_Pad1.0x1.5mm,,tht
JP11,1,SolderJumper_2_Open,SolderJumper-2_P1.3mm_Open_Pad1.0x1.5mm,,tht
"JP14, JP15",2,SolderJumper_3_Bridged12,SolderJumper-3_P1.3mm_Open_RoundedPad1.0x1.5mm_NumberLabels,,tht
"JP16, JP17",2,SolderJumper_2_Open,SolderJumper-2_P1.3mm_Open_RoundedPad1.0x1.5mm,,tht
"R1, R11, R13, R15, R3, R5, R7, R9",8,1K,R_0805_2012Metric_Pad1.20x1.40mm_HandSolder,,smt
"R10, R12, R14, R16, R2, R4, R6, R8",8,10K,R_0805_2012Metric_Pad1.20x1.40mm_HandSolder,,smt
"R17, R18",2,100,R_0805_2012Metric_Pad1.20x1.40mm_HandSolder,,smt
"U1, U10, U2, U3, U4, U5, U6, U7",8,AT42QT1010,AT42QT1010-TSGR_1,,smt
U11,1,L7805,TO-220-3_Horizontal_TabDown,,tht
U13,1,SN74LVC2G17,SOT-23-6_Handsoldering,,smt
U8,1,SN74HC165DR,SOIC-16_3.9x9.9mm_P1.27mm,,smt
