﻿Designator,Footprint,Quantity,Value,LCSC Part #
"C1, C11, C13, C15, C17, C20, C22, C3, C5, C7, C9",0805,11,0.1uF,
"C10, C12, C14, C16, C2, C4, C6, C8",0805,8,22nF,
C19,0805,1,0.33uF,
"D1, D2, D3, D4, D5, D6, D7, D8",0805,8,Touch_Indicator,
"J1, J2",Molex_Micro-Fit_3.0_1x05_Horizontal_Vertical_Combo,2,Molex Micro-Fit,
"R1, R11, R13, R15, R3, R5, R7, R9",0805,8,1K,
"R10, R12, R14, R16, R2, R4, R6, R8",0805,8,10K,
"R17, R18",0805,2,100,
"U1, U10, U2, U3, U4, U5, U6, U7",AT42QT1010-TSGR_1,8,AT42QT1010,
U11,TO-220-3_Horizontal_TabDown,1,L7805,
U13,SOT-23-6_Handsoldering,1,SN74LVC2G17,C10429
U8,SOIC-16_3.9x9.9mm_P1.27mm,1,SN74HC165DR,
